"#","Product A","Product B","Tier","Type","Strength","Same Session OK","G1","G2","G3","G4","G5","G6","G7","G8","Evidence Type","Clinical Rationale","Timing Guidance","Patient Education Text","Staff Talking Points","Evidence Summary","Decision","Notes"
"1","Botox Cosmetic","Juvederm Vollure XC","canonical","complementary","strong","true","PASS","PASS","PASS","PASS","PASS","PASS","PASS","PASS","HIGH","Neurotoxin relaxes dynamic muscles; Vollure restores mid-depth volume (NLF). Published evidence supports the combination of BoNT-A with HA fillers as superior to either modality alone (DOI 10.1097/DSS.0000000000000754). Botox addresses movement-based lines that Vollure cannot treat, while Vollure addresses static volume loss that Botox cannot restore. Together they provide a more complete facial rejuvenation than either treatment alone.","Same session or sequential visits. Neurotoxin administered first. If sequential: neurotoxin 2 weeks before filler to see muscle response before filling static lines. Maintenance: neurotoxin every 3-4 months, filler every 12-18 months (product-dependent).","Tell the patient: ""Botox helps relax the muscles that cause expression lines -- like frown lines and crow's feet. But it can't address the deeper lines that stay even when your face is at rest -- like the lines that run from your nose to the corners of your mouth, or the moderate lines around your mouth area. Those are caused by volume loss, not muscle movement. Vollure is designed specifically for those nasolabial folds and moderate facial lines, softening them by restoring volume at the right depth. Many patients find that treating both the movement-based lines and these static lines creates a more complete, natural-looking result.""","""When a patient comes in concerned about looking tired or aged, you might explain: 'Botox can help with the lines around your eyes and forehead -- those are caused by muscle movement. But if you're also noticing deeper lines from your nose to the corners of your mouth -- those nasolabial folds -- those are caused by volume loss, which Botox can't address. Vollure is designed to soften those specific lines by restoring volume at the mid-depth level. Some patients choose to address both in the same visit, while others prefer to start with one and see how they feel.' The key is helping patients understand these are two different types of lines -- one from movement, one from volume loss -- not an upsell.""","PubMed DOI 10.1097/DSS.0000000000000754: BoNT-A and fillers combination is superior to either alone. FDA labels for both products. Expert consensus supports same-session use. Evidence strength 4/5.","",""
"2","Botox Cosmetic","Juvederm Voluma XC","canonical","complementary","strong","true","PASS","PASS","PASS","PASS","PASS","PASS","PASS","PASS","HIGH","Neurotoxin relaxes dynamic muscles; Voluma restores deep cheek volume. Botox addresses movement-based lines (crow's feet, frown lines, forehead) while Voluma provides structural volume in the midface where bone and fat pad loss creates a hollow, aged appearance. Published evidence confirms that BoNT-A combined with HA fillers produces superior results to either modality alone (DOI 10.1097/DSS.0000000000000754). Together they address both the upper face (dynamic lines) and midface (volume loss).","Same session or sequential visits. Neurotoxin administered first. If sequential: neurotoxin 2 weeks before filler to see muscle response before filling static lines. Maintenance: neurotoxin every 3-4 months, Voluma every 18-24 months.","Tell the patient: ""Botox helps relax the muscles that cause expression lines -- like frown lines and crow's feet. But it can't restore the deep volume that's been lost over time in areas like the cheeks. If you're noticing that your cheeks look flatter or more hollow than they used to, that's a different kind of aging -- it's structural volume loss from bone and fat pad changes. Voluma is designed specifically to restore that deep cheek structure, giving back the lift and contour that supports the rest of your face. Many patients find that treating both the movement-based lines and the midface volume creates a more balanced, natural-looking result.""","""When a patient comes in concerned about looking tired or aged, you might explain: 'Botox can help with the lines around your eyes and forehead -- those are caused by muscle movement. But if you're also noticing that your cheeks look flatter or more hollow than they used to, that's structural volume loss in the midface, which Botox can't address. Voluma is designed for deep cheek restoration -- it provides the structural support that lifts and contours your midface. Some patients choose to address both in the same visit, while others prefer to start with one and see how they feel.' The key is helping patients understand these are two different problems at two different depths -- not an upsell.""","PubMed DOI 10.1097/DSS.0000000000000754: BoNT-A and fillers combination is superior to either alone. FDA labels for both products. Expert consensus. Evidence strength 4/5.","",""
"3","Botox Cosmetic","InMode Morpheus8","common","stacks_with","strong","conditional","PASS","PASS","PASS","PASS","PASS","PASS","PASS","PASS","HIGH","Morpheus8 RF microneedling improves skin texture, tightens skin, and stimulates collagen through controlled thermal energy in the dermis and subdermal layers. Botox controls dynamic wrinkles through muscle relaxation. These target fundamentally different tissue layers and aging mechanisms -- Morpheus8 addresses skin quality that neurotoxin cannot improve, while Botox addresses movement-based lines that energy devices cannot treat.","Energy device first, neurotoxin after. If same day: Morpheus8 first, wait for assessment, then neurotoxin. If sequential: Morpheus8 first, neurotoxin 1-2 weeks later when inflammation has resolved. Maintenance: Morpheus8 2-3x per year, neurotoxin every 3-4 months.","Tell the patient: ""Morpheus8 uses radiofrequency energy to improve your skin's texture, firmness, and overall quality from within. Botox addresses a completely different issue -- the lines caused by muscle movement, like crow's feet and frown lines. Energy treatments can't relax muscles, and Botox can't tighten skin. When both concerns are present, addressing them through different approaches can create a more complete improvement.""","""When a patient wants comprehensive facial rejuvenation, explain that there are multiple layers to aging. 'Morpheus8 works on your skin quality -- improving texture, firmness, and stimulating new collagen. Botox works on the dynamic lines caused by muscle movement. Think of it as addressing the skin itself and the muscles underneath it separately. We typically do the energy treatment first to improve the skin foundation, then address the movement lines.' This is about treating different problems, not adding treatments for the sake of adding them.""","PubMed DOI 10.1111/j.1524-4725.2005.31105: No decrease in botulinum toxin efficacy when treated with RF device within 10 minutes. FDA clearances for both products. Expert consensus on multi-modality protocols. Evidence strength 3/5.","",""
"4","Botox Cosmetic","Restylane Lyft","common","complementary","strong","true","PASS","PASS","PASS","PASS","PASS","PASS","PASS","PARTIAL","MODERATE","Neurotoxin relaxes dynamic muscles; Lyft restores midface/hand volume. Cross-brand combination (Allergan Botox + Galderma Restylane) demonstrates that the complementarity is mechanism-based, not brand-specific. Botox handles movement-based lines while Lyft provides structural volume restoration in the midface and hands, addressing two fundamentally different aspects of aging.","Same session or sequential visits. Neurotoxin administered first. If sequential: neurotoxin 2 weeks before filler to see muscle response before filling static lines. Maintenance: neurotoxin every 3-4 months, filler every 12-18 months (product-dependent).","Tell the patient: ""Botox helps relax the muscles that cause expression lines -- like frown lines and crow's feet. But it can't restore volume that's been lost over time. If you're noticing both lines from movement AND a loss of fullness in your cheeks or around your mouth, filler addresses that volume loss through a completely different approach. Many patients find that treating both concerns creates a more balanced, natural-looking result than treating either one alone.""","""When a patient comes in concerned about looking tired or aged, you might explain: 'Botox can help with the lines around your eyes and forehead -- those are caused by muscle movement. But if you're also noticing that your cheeks look flatter than they used to, that's volume loss, which Botox can't address. Filler works on a different layer to restore that structure. Some patients choose to address both in the same visit, while others prefer to start with one and see how they feel.' The key is helping patients understand these are two different problems requiring two different solutions -- not an upsell.""","No product-specific evidence for this cross-brand pair. PubMed DOI 10.1097/DSS.0000000000000754 (category-level). FDA labels for both. Evidence strength 3/5 (extrapolated from category).","",""
"5","Botox Cosmetic","RHA Redensity","common","complementary","strong","true","PASS","PASS","PASS","PASS","PASS","PASS","PASS","PARTIAL","MODERATE","Neurotoxin relaxes dynamic muscles (upper face); RHA Redensity addresses perioral fine lines with flexible HA designed for dynamic areas around the mouth. The two treatments target complementary anatomical zones -- Botox for forehead, crow's feet, and frown lines, while RHA Redensity softens the fine static lines around the lips that neurotoxin cannot treat. Together they provide comprehensive facial rejuvenation.","Same session or sequential visits. Neurotoxin administered first. If sequential: neurotoxin 2 weeks before filler to see muscle response before filling static lines. Maintenance: neurotoxin every 3-4 months, filler every 6-12 months (perioral area may need more frequent touch-ups).","Tell the patient: ""Botox helps relax the muscles that cause expression lines -- like frown lines and crow's feet. But it can't address the fine lines around your lips, which are caused by a combination of repeated movement and lost support in the skin. RHA Redensity is a flexible filler designed specifically for that area around the mouth -- it moves with your expressions rather than fighting them. Many patients find that treating both the upper face lines and the perioral area creates a more complete, natural-looking result.""","""When a patient comes in concerned about fine lines both around the eyes and around the mouth, you might explain: 'Botox can help with the crow's feet and forehead lines -- those are caused by muscle movement. But the lines around your lips are different -- they need a filler that can move with your expressions. RHA Redensity is designed for that dynamic area. Some patients choose to address both in the same visit, while others prefer to start with one area and see how they feel.' The key is helping patients understand these are two different problems in two different zones -- not an upsell.""","No product-specific evidence for Botox+RHA Redensity. PubMed DOI 10.1097/DSS.0000000000000754 (category-level). FDA labels for both. Evidence strength 3/5 (extrapolated from category).","",""
"6","Botox Cosmetic","SKINVIVE by Juvederm","common","complementary","strong","true","PASS","PASS","PASS","PASS","PASS","PASS","PASS","PARTIAL","LOW","Neurotoxin relaxes dynamic muscles; SKINVIVE improves skin quality via microdroplet HA injection. These target fundamentally different aspects of facial aging -- Botox addresses movement-caused lines while SKINVIVE addresses skin texture, hydration, and overall quality that neurotoxin cannot improve. The combination provides both line reduction and skin quality enhancement.","Same session or sequential visits. Neurotoxin administered first. If sequential: neurotoxin 2 weeks before SKINVIVE. Maintenance: neurotoxin every 3-4 months, SKINVIVE every 6-9 months.","Tell the patient: ""Botox helps relax the muscles that cause expression lines -- like frown lines and crow's feet. But even when those lines are smoothed, your skin might still look dull or feel rough. SKINVIVE is different from traditional fillers -- it doesn't add volume. Instead, it uses tiny microdroplets of hyaluronic acid to hydrate the skin from within, improving cheek skin smoothness that lasts about six months. One addresses the lines, the other improves the skin itself.""","""When a patient is focused on looking refreshed, you might explain: 'Botox can help with the expression lines -- frown lines, crow's feet, forehead. But some patients tell us even after Botox, their skin still doesn't look as vibrant as they'd like. SKINVIVE isn't a filler in the traditional sense -- it doesn't add volume or fill wrinkles. It hydrates the skin from within using microdroplets, improving cheek skin smoothness.' The key is being clear that SKINVIVE and Botox solve completely different problems -- lines vs. skin quality.""","No product-specific evidence for Botox+SKINVIVE. SKINVIVE is microdroplet skin quality product, not traditional filler. FDA labels for both. Evidence strength 2/5.","",""
"7","Daxxify","Juvederm Vollure XC","common","complementary","strong","true","PASS","PASS","PASS","PASS","PASS","PASS","PASS","PASS","MODERATE","Daxxify uses peptide exchange technology to achieve approximately 6-month duration -- roughly double that of traditional neurotoxins -- reducing annual neurotoxin visits from 3-4 to approximately 2. It contains no human or animal byproducts. Vollure's VYCROSS-crosslinked HA addresses nasolabial folds and moderate facial lines with an 18-month duration. The maintenance schedules align well. This is a cross-ecosystem pairing (Revance + Allergan).","Same session or sequential visits. Neurotoxin administered first, filler second. If sequential: Daxxify 2 weeks before Vollure to assess muscle response. Daxxify retreatment approximately every 6 months; Vollure touch-ups at 12-18 months.","Tell the patient: ""Daxxify is a newer neurotoxin that uses a unique peptide technology that helps it last longer -- about six months for many patients. Vollure is a filler designed specifically for the nasolabial fold lines and typically lasts about 18 months. If you're noticing both expression lines and those deeper smile-line folds, Daxxify addresses the movement-based lines while Vollure addresses the volume-based lines.""","""The key differentiator with Daxxify is duration. 'Daxxify uses a peptide technology that helps it last about six months -- so instead of coming in three or four times a year for your wrinkle relaxer, you may only need two visits. Vollure addresses the deeper lines around your nose and mouth, and it typically lasts about 18 months.' Note: Daxxify is Revance and Vollure is Allergan -- different loyalty programs.""","PubMed DOI 10.1097/DSS.0000000000000754 (category-level). FDA labels for both. Daxxify: peptide exchange technology, ~6-month duration. Vollure: VYCROSS crosslinking, 18-month duration.","",""
"8","Daxxify","Juvederm Voluma XC","common","complementary","strong","true","PASS","PASS","PASS","PASS","PASS","PASS","PASS","PASS","MODERATE","Daxxify (~6-month duration via peptide exchange technology) combined with Voluma (up to 2-year duration via VYCROSS crosslinking) creates a long-duration treatment plan for both dynamic wrinkles and structural cheek volume loss. Voluma is a structural filler injected deep in the cheeks -- typically placed first in multi-filler protocols. This is a cross-ecosystem pairing (Revance + Allergan).","Same session or sequential visits. Neurotoxin administered first, filler second. If sequential: Daxxify 2 weeks before Voluma. Daxxify approximately every 6 months, Voluma every 18-24 months.","Tell the patient: ""Daxxify is a longer-lasting wrinkle relaxer -- it uses a unique peptide technology that helps it work for about six months. Voluma is a structural filler designed specifically for the cheeks and can last up to two years. If you're noticing both expression lines and a loss of cheek fullness, these two products address different concerns.""","""This pairing is worth understanding for patients who value convenience and longer-lasting results. Daxxify relaxes expression lines and lasts about six months. Voluma restores cheek structure and can last up to two years. This is a cross-brand pairing (Revance + Allergan), so loyalty programs don't overlap.""","PubMed DOI 10.1097/DSS.0000000000000754 (category-level). FDA labels for both. Daxxify: peptide exchange technology, ~6-month duration. Voluma: VYCROSS crosslinking, up to 2-year duration.","",""
"9","Daxxify","Restylane Lyft","common","complementary","strong","true","PASS","PASS","PASS","PASS","PASS","PASS","PASS","PASS","MODERATE","Daxxify's peptide exchange technology provides approximately 6-month duration with no human or animal byproducts, while Restylane Lyft's NASHA-technology HA has a unique dual FDA indication for both midface volume and hands. The hand volume indication is unique among HA fillers. This is a cross-ecosystem pairing (Revance + Galderma).","Same session or sequential visits. Neurotoxin administered first, filler second. If sequential: Daxxify 2 weeks before Restylane Lyft. If treating hands, timing is independent of facial neurotoxin effects. Daxxify approximately every 6 months; Restylane Lyft at 12-18 months.","Tell the patient: ""Daxxify is a longer-lasting wrinkle relaxer that uses a unique peptide technology -- it works for about six months. Restylane Lyft is a filler approved for both midface volume and hands. If you're noticing expression lines along with cheek hollowing or aging hands, these two treatments address completely different concerns.""","""Two things to highlight: Daxxify's duration (about six months, so about twice a year for wrinkle relaxer) and Restylane Lyft's versatility (dual FDA approval for midface and hands). Note: Daxxify is Revance and Lyft is Galderma -- different loyalty programs.""","PubMed DOI 10.1097/DSS.0000000000000754 (category-level). FDA labels for both. Daxxify: peptide exchange technology, ~6-month duration. Restylane Lyft: NASHA technology, dual FDA indication (midface + hands).","",""
"10","Daxxify","RHA Redensity","common","complementary","strong","true","PASS","PASS","PASS","PASS","PASS","PASS","PASS","PASS","MODERATE","Daxxify and RHA Redensity are both Revance products, creating ecosystem alignment. Daxxify's peptide exchange technology provides ~6-month duration, while RHA Redensity uses resilient HA designed specifically for perioral fine lines and dynamic facial areas. RHA Redensity is a ""finishing filler"" for areas of constant movement. Same ecosystem means loyalty program alignment.","Same session or sequential visits. Neurotoxin administered first, filler second. If sequential: Daxxify 2 weeks before RHA Redensity. RHA Redensity is typically a finishing step. Daxxify approximately every 6 months.","Tell the patient: ""Daxxify is a longer-lasting wrinkle relaxer -- about six months for many patients. The fine lines around your mouth are a different concern -- RHA Redensity is a specialized filler designed for exactly those delicate lines. It uses a resilient formula that flexes with your natural expressions. Both products are made by Revance.""","""This is a same-ecosystem pairing -- both Revance products, so patients benefit from a single loyalty program. Daxxify addresses expression lines (~6 months duration). RHA Redensity is a specialized filler for perioral fine lines -- designed to move with expressions.""","PubMed DOI 10.1097/DSS.0000000000000754 (category-level). FDA labels for both. Daxxify: peptide exchange technology, ~6-month duration. RHA Redensity: resilient HA for dynamic perioral areas.","",""
"11","Daxxify","SKINVIVE by Juvederm","common","complementary","strong","true","PASS","PASS","PASS","PASS","PASS","PASS","PASS","PASS","LOW","Daxxify's peptide exchange technology provides ~6-month neurotoxin duration, and SKINVIVE provides approximately 6-month skin quality improvement -- creating a convenient shared maintenance schedule. SKINVIVE is NOT a volume filler; it uses microdroplet HA intradermally to improve skin smoothness and hydration. Cross-ecosystem pairing (Revance + Allergan).","Same session or sequential visits. Neurotoxin administered first, SKINVIVE microdroplets second. Both have approximately 6-month durations, so retreatment visits can often be aligned.","Tell the patient: ""Daxxify is a longer-lasting wrinkle relaxer that works for about six months. SKINVIVE is different from a traditional filler -- it doesn't add volume. Instead, it uses tiny microdroplets of hyaluronic acid to improve your skin's overall cheek skin smoothness. It also lasts about six months. Conveniently, they're on a similar maintenance schedule.""","""Two key points: SKINVIVE is not a filler (it's microdroplets for skin quality), and both Daxxify and SKINVIVE last about six months so maintenance can be aligned. Cross-brand pairing (Revance + Allergan) -- different loyalty programs.""","No product-specific or class-level study for BoNT-A + microdroplet HA. SKINVIVE is not a traditional filler. FDA labels for both.","",""
"12","Dysport","Juvederm Vollure XC","common","complementary","strong","true","PASS","PASS","PASS","PASS","PASS","PASS","PASS","PASS","MODERATE","Dysport's broader diffusion pattern makes it well-suited for treating large dynamic zones (forehead, lateral crow's feet) with fewer injection points, while Vollure's VYCROSS-crosslinked HA addresses nasolabial folds with an 18-month duration. Dysport has faster onset at 2-5 days.","Same session or sequential visits. Neurotoxin administered first, filler second. If sequential: Dysport 2 weeks before Vollure. Dysport's faster onset (2-5 days) allows earlier assessment. Vollure at 12-18 months; Dysport at 3-4 months.","Tell the patient: ""Dysport works by relaxing the muscles that create expression lines -- it's especially effective for smoothing broad areas like the forehead and crow's feet, and many patients notice results within a few days. Vollure is a filler designed specifically for nasolabial fold lines and typically lasts about 18 months.""","""When a patient mentions both forehead lines and nasolabial folds, explain these are two different concerns with two different causes -- muscle movement vs volume loss. Dysport works well across broader zones; Vollure is specifically designed for NLF lines.""","PubMed DOI 10.1097/DSS.0000000000000754 (category-level). FDA labels for both. Dysport: broader diffusion, faster onset (2-5 days). Vollure: VYCROSS crosslinking, 18-month duration.","",""
"13","Dysport","Juvederm Voluma XC","common","complementary","strong","true","PASS","PASS","PASS","PASS","PASS","PASS","PASS","PASS","MODERATE","Dysport's broader diffusion pattern treats large dynamic zones effectively with fewer injection points, while Voluma provides deep structural volume restoration using VYCROSS technology with up to 2-year duration. Dysport has faster onset at 2-5 days.","Same session or sequential visits. Neurotoxin administered first, filler second. If sequential: Dysport 2 weeks before Voluma. Voluma at 18-24 months; Dysport at 3-4 months.","Tell the patient: ""Dysport is designed to relax the muscles that cause expression lines -- it works especially well across broader areas and you may notice results within just a few days. Voluma is a structural filler placed deep in the cheeks -- one of the longer-lasting fillers available, often holding for up to two years.""","""When a patient says they look tired or 'deflated,' separate the concerns: forehead/eye lines (muscle movement -- Dysport) vs cheek flatness (structural volume loss -- Voluma). Emphasize that cheek volume restoration can improve overall lower face appearance.""","PubMed DOI 10.1097/DSS.0000000000000754 (category-level). FDA labels for both. Dysport: broader diffusion, faster onset (2-5 days). Voluma: VYCROSS crosslinking, up to 2-year duration.","",""
"14","Dysport","Restylane Lyft","common","complementary","strong","true","PASS","PASS","PASS","PASS","PASS","PASS","PASS","PASS","MODERATE","Dysport and Restylane Lyft are both Galderma products, creating ecosystem alignment. Dysport's broader diffusion treats large dynamic zones effectively, while Restylane Lyft has a unique dual FDA indication for both midface volume and hands. Dysport has faster onset at 2-5 days.","Same session or sequential visits. Neurotoxin administered first, filler second. If sequential: Dysport 2 weeks before Restylane Lyft. If treating hands, timing is independent. Dysport at 3-4 months; Restylane Lyft at 12-18 months.","Tell the patient: ""Dysport relaxes the muscles that create expression lines -- it's designed to work well across broad areas and you may see results within a few days. Restylane Lyft is specifically approved for restoring midface volume, and it's one of the few fillers also approved for hands. They're made by the same company.""","""Dysport and Restylane Lyft are both Galderma products. Restylane Lyft's hand indication is a genuine differentiator -- no other HA filler has the dual face-and-hands FDA approval.""","PubMed DOI 10.1097/DSS.0000000000000754 (category-level). FDA labels for both. Dysport: broader diffusion, faster onset. Restylane Lyft: NASHA technology, dual FDA indication (midface + hands).","",""
"15","Dysport","RHA Redensity","common","complementary","strong","true","PASS","PASS","PASS","PASS","PASS","PASS","PASS","PASS","MODERATE","Dysport's broader diffusion treats large dynamic zones with fewer injection points and faster onset (2-5 days), while RHA Redensity uses resilient HA technology specifically designed for perioral fine lines. RHA Redensity is a ""finishing filler"" for areas of constant movement. Cross-ecosystem pairing (Galderma + Revance).","Same session or sequential visits. Neurotoxin administered first, filler second. If sequential: Dysport 2 weeks before RHA Redensity. RHA Redensity is typically a finishing step. Dysport at 3-4 months.","Tell the patient: ""Dysport works by relaxing the muscles that cause expression lines -- particularly effective for broad areas like the forehead. The fine lines around your mouth are different -- RHA Redensity is a specialized filler designed for exactly those delicate perioral lines. It uses a resilient formula that moves naturally with your facial expressions.""","""Dysport is Galderma and RHA Redensity is Revance -- different loyalty programs. Dysport relaxes broad upper face muscle lines; RHA Redensity refines perioral fine lines as a finishing filler.""","PubMed DOI 10.1097/DSS.0000000000000754 (category-level). FDA labels for both. Dysport: broader diffusion, faster onset. RHA Redensity: resilient HA for dynamic perioral areas.","",""
"16","Dysport","SKINVIVE by Juvederm","common","complementary","strong","true","PASS","PASS","PASS","PASS","PASS","PASS","PASS","PASS","LOW","Dysport's broader diffusion treats dynamic expression lines with faster onset (2-5 days), while SKINVIVE is NOT a volume filler -- it uses microdroplet HA intradermally to improve skin smoothness and hydration. Cross-ecosystem pairing (Galderma + Allergan).","Same session or sequential visits. Neurotoxin administered first, SKINVIVE microdroplets second. SKINVIVE is typically a finishing step. Dysport at 3-4 months; SKINVIVE approximately every 6 months.","Tell the patient: ""Dysport relaxes the muscles that create expression lines and you may see improvement within a few days. SKINVIVE is different from a traditional filler -- it uses tiny microdroplets of hyaluronic acid just under the skin's surface to improve overall cheek skin smoothness. Dysport addresses specific wrinkles, SKINVIVE improves the quality of the skin itself.""","""SKINVIVE is not a filler in the traditional sense -- it's microdroplets for skin quality/smoothness. Cross-brand pairing (Galderma + Allergan) -- loyalty programs don't align.""","No product-specific or class-level study for BoNT-A + microdroplet HA. FDA labels for both. Dysport: broader diffusion, faster onset.","",""
"17","Jeuveau","Juvederm Vollure XC","common","complementary","strong","true","PASS","PASS","PASS","PASS","PASS","PASS","PASS","PASS","MODERATE","Jeuveau (""Newtox"") is an aesthetics-only neurotoxin with Hi-Pure technology by Evolus. Vollure's VYCROSS-crosslinked HA addresses nasolabial folds with an 18-month duration. Jeuveau has limited product-specific published evidence. The complementarity is mechanism-based. Cross-ecosystem (Evolus + Allergan).","Same session or sequential visits. Neurotoxin administered first, filler second. If sequential: Jeuveau 2 weeks before Vollure. Jeuveau at 3-4 months; Vollure at 12-18 months.","Tell the patient: ""Jeuveau is a wrinkle relaxer designed specifically for cosmetic use. It can't address the deeper nasolabial fold lines from volume loss. Vollure is a filler designed specifically for those lines and typically lasts about 18 months.""","""Jeuveau is sometimes called Newtox -- an aesthetics-only wrinkle relaxer by Evolus. Vollure addresses nasolabial folds. Jeuveau is Evolus and Vollure is Allergan -- different loyalty programs.""","PubMed DOI 10.1097/DSS.0000000000000754 (category-level). FDA labels for both. Jeuveau: aesthetics-only, Hi-Pure technology. Vollure: VYCROSS crosslinking, 18-month duration.","",""
"18","Jeuveau","Juvederm Voluma XC","common","complementary","strong","true","PASS","PASS","PASS","PASS","PASS","PASS","PASS","PASS","MODERATE","Jeuveau (""Newtox"") is an aesthetics-only neurotoxin with Hi-Pure technology. Voluma provides deep structural cheek volume using VYCROSS technology with up to 2-year duration. Voluma is typically placed first in multi-filler protocols. Jeuveau has limited product-specific published evidence. Cross-ecosystem (Evolus + Allergan).","Same session or sequential visits. Neurotoxin administered first, filler second. If sequential: Jeuveau 2 weeks before Voluma. Jeuveau at 3-4 months; Voluma at 18-24 months.","Tell the patient: ""Jeuveau is a wrinkle relaxer made specifically for cosmetic use. Expression lines and cheek volume loss are two separate things. Voluma is a structural filler placed deep in the cheeks and can last up to two years.""","""When a patient mentions looking tired or 'deflated,' separate expression lines (Jeuveau) from structural volume loss (Voluma). Jeuveau is Evolus, Voluma is Allergan -- different loyalty programs.""","PubMed DOI 10.1097/DSS.0000000000000754 (category-level). FDA labels for both. Jeuveau: aesthetics-only, Hi-Pure technology. Voluma: VYCROSS crosslinking, up to 2-year duration.","",""
"19","Jeuveau","Restylane Lyft","common","complementary","strong","true","PASS","PASS","PASS","PASS","PASS","PASS","PASS","PASS","MODERATE","Jeuveau (""Newtox"") is an aesthetics-only neurotoxin with Hi-Pure technology. Restylane Lyft uses NASHA technology with unique dual FDA indication for midface volume and hands. Jeuveau has limited product-specific published evidence. Cross-ecosystem (Evolus + Galderma).","Same session or sequential visits. Neurotoxin administered first, filler second. If sequential: Jeuveau 2 weeks before Restylane Lyft. If treating hands, timing is independent. Jeuveau at 3-4 months; Restylane Lyft at 12-18 months.","Tell the patient: ""Jeuveau is a wrinkle relaxer made specifically for cosmetic use. Restylane Lyft is one of the few fillers approved for both midface volume and hands. If you're concerned about aging hands, Lyft is specifically designed for that.""","""Restylane Lyft's hand indication is a genuine clinical differentiator. Jeuveau is Evolus and Lyft is Galderma -- different loyalty ecosystems.""","PubMed DOI 10.1097/DSS.0000000000000754 (category-level). FDA labels for both. Jeuveau: aesthetics-only, Hi-Pure technology. Restylane Lyft: NASHA technology, dual FDA indication.","",""
"20","Jeuveau","RHA Redensity","common","complementary","strong","true","PASS","PASS","PASS","PASS","PASS","PASS","PASS","PASS","MODERATE","Jeuveau (""Newtox"") is an aesthetics-only neurotoxin with Hi-Pure technology. RHA Redensity uses resilient HA technology for perioral fine lines -- a ""finishing filler"" for dynamic areas. Jeuveau has limited product-specific published evidence. Cross-ecosystem (Evolus + Revance).","Same session or sequential visits. Neurotoxin administered first, filler second. If sequential: Jeuveau 2 weeks before RHA Redensity. RHA Redensity is typically a finishing step. Jeuveau at 3-4 months.","Tell the patient: ""Jeuveau is a wrinkle relaxer made specifically for cosmetic use. The fine lines around your mouth need a filler that can move with your expressions. RHA Redensity is a specialized filler designed for exactly those delicate perioral lines.""","""RHA Redensity is sometimes called a finishing filler -- it handles fine details after broader concerns are addressed. These are different ecosystems (Evolus + Revance) -- no shared loyalty program.""","PubMed DOI 10.1097/DSS.0000000000000754 (category-level). FDA labels for both. Jeuveau: aesthetics-only, Hi-Pure technology. RHA Redensity: resilient HA for dynamic perioral areas.","",""
"21","Jeuveau","SKINVIVE by Juvederm","common","complementary","strong","true","PASS","PASS","PASS","PASS","PASS","PASS","PASS","PASS","LOW","Jeuveau (""Newtox"") is an aesthetics-only neurotoxin with Hi-Pure technology. SKINVIVE is NOT a volume filler -- it uses microdroplet HA intradermally to improve skin smoothness and hydration. Both are newer-generation products. Cross-ecosystem (Evolus + Allergan).","Same session or sequential visits. Neurotoxin administered first, SKINVIVE microdroplets second. Jeuveau at 3-4 months; SKINVIVE approximately every 6 months.","Tell the patient: ""Jeuveau is a wrinkle relaxer designed specifically for cosmetic use. SKINVIVE is not a traditional filler -- it uses tiny microdroplets of hyaluronic acid to improve your skin's overall cheek skin smoothness. They work on completely different aspects of your appearance.""","""Jeuveau is an aesthetics-only neurotoxin by Evolus. Make sure patients understand SKINVIVE is not a filler -- it's microdroplets for skin quality. Different ecosystems (Evolus + Allergan) -- no shared loyalty program.""","No product-specific or class-level study for BoNT-A + microdroplet HA. FDA labels for both. Jeuveau: aesthetics-only, Hi-Pure technology.","",""
"22","Xeomin","Juvederm Vollure XC","common","complementary","strong","true","PASS","PASS","PASS","PASS","PASS","PASS","PASS","PASS","MODERATE","Xeomin is a ""naked molecule"" neurotoxin -- it contains no complexing proteins (0.55ng vs 4.5ng for Botox), which is a consideration for providers evaluating long-term immunogenicity. Vollure's VYCROSS-crosslinked HA addresses nasolabial folds with an 18-month duration. Xeomin is room-temperature stable. Cross-ecosystem (Merz + Allergan).","Same session or sequential visits. Neurotoxin administered first, filler second. If sequential: Xeomin 2 weeks before Vollure. Xeomin at 3-4 months; Vollure at 12-18 months.","Tell the patient: ""Xeomin is a wrinkle relaxer sometimes described as a 'pure' or 'naked' neurotoxin -- it contains only the active ingredient without the extra proteins found in some other neurotoxins. Vollure is a filler designed specifically for nasolabial fold lines and typically lasts about 18 months.""","""Xeomin's key differentiator is its purity -- the naked molecule without extra proteins. Vollure is specifically designed for nasolabial fold lines. Cross-brand pairing (Merz + Allergan) -- different loyalty programs.""","PubMed DOI 10.1097/DSS.0000000000000754 (category-level). FDA labels for both. Xeomin: no accessory proteins, room-temperature stable. Vollure: VYCROSS crosslinking, 18-month duration.","",""
"23","Xeomin","Juvederm Voluma XC","common","complementary","strong","true","PASS","PASS","PASS","PASS","PASS","PASS","PASS","PASS","MODERATE","Xeomin's ""naked molecule"" formulation (no complexing proteins) is a consideration for long-term immunogenicity -- relevant for patients planning ongoing maintenance. Voluma provides deep structural cheek volume using VYCROSS technology with up to 2-year duration. Xeomin is room-temperature stable. Cross-ecosystem (Merz + Allergan).","Same session or sequential visits. Neurotoxin administered first, filler second. If sequential: Xeomin 2 weeks before Voluma. Xeomin at 3-4 months; Voluma at 18-24 months.","Tell the patient: ""Xeomin is a wrinkle relaxer known as a 'pure' neurotoxin -- it contains only the active ingredient. Voluma is a structural filler placed deep in the cheeks to restore volume that naturally decreases with age -- it can last up to two years.""","""For patients interested in long-term treatment plans, Xeomin's purity is meaningful. Voluma is a deep structural filler for cheeks, up to 2-year duration. Xeomin is Merz, Voluma is Allergan -- different loyalty programs. Xeomin has room-temperature stability advantage.""","PubMed DOI 10.1097/DSS.0000000000000754 (category-level). FDA labels for both. Xeomin: no accessory proteins, room-temperature stable. Voluma: VYCROSS crosslinking, up to 2-year duration.","",""
"24","Xeomin","Restylane Lyft","common","complementary","strong","true","PASS","PASS","PASS","PASS","PASS","PASS","PASS","PASS","MODERATE","Xeomin's ""naked molecule"" formulation (no complexing proteins) is a consideration for long-term immunogenicity. Restylane Lyft's NASHA-technology HA has a unique dual FDA indication for midface volume and hands. Xeomin is room-temperature stable. Cross-ecosystem (Merz + Galderma).","Same session or sequential visits. Neurotoxin administered first, filler second. If sequential: Xeomin 2 weeks before Restylane Lyft. If treating hands, timing is independent. Xeomin at 3-4 months; Restylane Lyft at 12-18 months.","Tell the patient: ""Xeomin is a wrinkle relaxer sometimes called the 'pure' neurotoxin -- it contains only the active ingredient. Restylane Lyft is one of the few fillers approved for both midface volume and hands.""","""Two differentiators: Xeomin is the naked molecule without complexing proteins. Restylane Lyft has dual FDA approval for midface and hands. Xeomin is Merz, Restylane Lyft is Galderma -- different ecosystems. Xeomin has room-temperature storage advantage.""","PubMed DOI 10.1097/DSS.0000000000000754 (category-level). FDA labels for both. Xeomin: no accessory proteins, room-temperature stable. Restylane Lyft: NASHA technology, dual FDA indication.","",""
"25","Xeomin","RHA Redensity","common","complementary","strong","true","PASS","PASS","PASS","PASS","PASS","PASS","PASS","PASS","MODERATE","Xeomin's ""naked molecule"" formulation (no complexing proteins) is a consideration for long-term immunogenicity. RHA Redensity uses resilient HA technology for perioral fine lines -- a ""finishing filler"" for dynamic areas. Xeomin is room-temperature stable. Cross-ecosystem (Merz + Revance).","Same session or sequential visits. Neurotoxin administered first, filler second. If sequential: Xeomin 2 weeks before RHA Redensity. RHA Redensity is typically a finishing step. Xeomin at 3-4 months.","Tell the patient: ""Xeomin is a wrinkle relaxer known as the 'pure' neurotoxin -- it contains only the active ingredient. The fine lines around your mouth need a resilient filler that moves with your expressions. RHA Redensity is designed for exactly those delicate perioral lines.""","""Xeomin: naked molecule without complexing proteins -- for long-term treatment plans. RHA Redensity: designed for perioral area, sometimes called a finishing filler. Different ecosystems (Merz + Revance) -- no shared loyalty program.""","PubMed DOI 10.1097/DSS.0000000000000754 (category-level). FDA labels for both. Xeomin: no accessory proteins, room-temperature stable. RHA Redensity: resilient HA for dynamic perioral areas.","",""
"26","Xeomin","SKINVIVE by Juvederm","common","complementary","strong","true","PASS","PASS","PASS","PASS","PASS","PASS","PASS","PASS","LOW","Xeomin's ""naked molecule"" formulation (no complexing proteins) is a consideration for long-term immunogenicity. SKINVIVE is NOT a volume filler -- it uses microdroplet HA intradermally to improve skin smoothness and hydration. Xeomin is room-temperature stable. Cross-ecosystem (Merz + Allergan).","Same session or sequential visits. Neurotoxin administered first, SKINVIVE microdroplets second. Xeomin at 3-4 months; SKINVIVE approximately every 6 months.","Tell the patient: ""Xeomin is a wrinkle relaxer known as the 'pure' neurotoxin -- it contains only the active ingredient. SKINVIVE is different from a traditional filler -- it uses tiny microdroplets of hyaluronic acid to improve your skin's overall cheek skin smoothness.""","""Xeomin: naked molecule without complexing proteins, room-temperature stable. SKINVIVE: not a traditional filler -- microdroplets for cheek skin smoothness. Merz + Allergan -- different loyalty programs.""","No product-specific or class-level study for BoNT-A + microdroplet HA. FDA labels for both. Xeomin: no accessory proteins, room-temperature stable.","",""
"27","Botox Cosmetic","Sculptra Aesthetic","conditional","complementary","strong","true","PASS","PASS","PASS","PASS","PASS","PASS","PASS","PARTIAL","LOW","Neurotoxin relaxes dynamic muscles (immediate effect); Sculptra stimulates collagen production (gradual effect over months). These address two fundamentally different aspects of aging through completely different mechanisms. Note: No published controlled trial data exists for this specific combination. The FDA Sculptra label states combination use has not been evaluated in controlled clinical trials.","Can be same session or staggered. Long-term plan: neurotoxin every 3-4 months, Sculptra series of 2-3 sessions 4-6 weeks apart, then annual maintenance.","Tell the patient: ""Botox helps with lines from muscle movement. Over time you also lose the underlying volume and structure. Sculptra works over months to support collagen production. This combination is used in clinical practice, but it has not been evaluated in controlled clinical trials.""","""Expression lines and collagen loss are two different problems. This combination is used in clinical practice but has not been evaluated in controlled trials. Frame it as an option the provider may recommend based on individual needs.""","FDA Sculptra labeling: combination use not evaluated in controlled trials. Expert consensus only. Evidence Type: LOW.","",""
"28","Daxxify","Sculptra Aesthetic","conditional","complementary","strong","true","PASS","PASS","PASS","PASS","PASS","PASS","PASS","PARTIAL","LOW","Daxxify's peptide exchange technology provides ~6-month duration. Sculptra stimulates collagen production (gradual effect over months). The extended Daxxify duration reduces visit frequency. No published controlled trial data exists for this specific combination. The FDA Sculptra label states combination use has not been evaluated in controlled clinical trials.","Can be same session or staggered. Long-term plan: Daxxify every 5-6 months, Sculptra series of 2-3 sessions 4-6 weeks apart, then annual maintenance.","Tell the patient: ""Daxxify is a newer neurotoxin that smooths expression lines and typically lasts about six months. Sculptra works gradually over months to support collagen production. This combination is used in clinical practice, but it has not been evaluated in controlled clinical trials.""","""Daxxify's ~6-month duration reduces visit frequency (2/year vs 3-4/year). This combination is used in clinical practice but has not been evaluated in controlled trials.""","FDA Sculptra labeling: combination use not evaluated in controlled trials. Daxxify: peptide exchange technology, ~6-month duration. Expert consensus only. Evidence Type: LOW.","",""
"29","Dysport","Sculptra Aesthetic","conditional","complementary","strong","true","PASS","PASS","PASS","PASS","PASS","PASS","PASS","PARTIAL","LOW","Neurotoxin relaxes dynamic muscles; Sculptra stimulates collagen production. Dysport's broader diffusion and faster onset make it well-suited for larger surface areas. Both are Galderma products, giving practices ecosystem alignment. No published controlled trial data exists. FDA Sculptra label notes combination use not evaluated.","Can be same session or staggered. Long-term plan: Dysport every 3-4 months, Sculptra series of 2-3 sessions 4-6 weeks apart, then annual maintenance. Dysport's faster onset (2-3 days) means patients see initial results quickly.","Tell the patient: ""Dysport smooths the lines caused by facial expressions -- it works quickly. Sculptra works gradually over months to support collagen production. This combination is used in clinical practice, but it has not been evaluated in controlled clinical trials.""","""Both are Galderma products, which can simplify loyalty program conversations. This combination is used in clinical practice but has not been evaluated in controlled trials.""","FDA Sculptra labeling: combination use not evaluated in controlled trials. Both Galderma products. Expert consensus only. Evidence Type: LOW.","",""
"30","Jeuveau","Sculptra Aesthetic","conditional","complementary","moderate","true","PASS","PASS","PASS","PASS","PASS","PASS","PASS","PARTIAL","LOW","Neurotoxin relaxes dynamic muscles; Sculptra stimulates collagen production. Jeuveau is an aesthetics-only neurotoxin with equivalent BoNT-A mechanism. No published controlled trial data exists for this specific combination, and Jeuveau-specific combination evidence is limited. FDA Sculptra label notes combination use not evaluated.","Can be same session or staggered. Long-term plan: Jeuveau every 3-4 months, Sculptra series of 2-3 sessions 4-6 weeks apart, then annual maintenance.","Tell the patient: ""Jeuveau is a neurotoxin designed specifically for aesthetics. Sculptra works gradually over months to support collagen production. This combination is used in clinical practice, but it has not been evaluated in controlled clinical trials.""","""The neurotoxin + biostimulator rationale applies to Jeuveau the same way as any neurotoxin. Jeuveau-specific combination evidence is limited. This combination has not been evaluated in controlled trials.""","FDA Sculptra labeling: combination use not evaluated in controlled trials. Jeuveau-specific combination evidence limited. Expert consensus only. Evidence Type: LOW.","",""
"31","Juvederm Vollure XC","Sculptra Aesthetic","conditional","sequential","strong","conditional","PASS","PASS","PASS","PASS","PASS","PASS","PASS","PARTIAL","LOW","Sculptra stimulates collagen production in the midface; Vollure corrects nasolabial folds with immediate HA gel. Different tissue depths and purposes. By establishing Sculptra first, NLFs may partially improve before Vollure is applied, potentially meaning less filler needed. No published controlled trial data exists. FDA Sculptra label notes combination use not evaluated.","Sequential staging preferred: Sculptra series first (2-3 sessions, 4-6 weeks apart), then assess NLFs 4-6 weeks after. Same-session in different tissue planes performed by some experienced injectors but not evaluated in controlled trials. Both have extended durations (Vollure ~18 months, Sculptra 2+ years).","Tell the patient: ""Nasolabial folds often deepen because the midface above them loses structural support. Sculptra works gradually to support collagen production, which may help lift those folds from above. Vollure smooths whatever fold remains. This combination is used in clinical practice, but it has not been evaluated in controlled clinical trials.""","""Explain the upstream cause: folds deepen because the midface loses volume. Sculptra addresses the cause; Vollure treats the symptom. Vollure is Allergan, Sculptra is Galderma. This combination has not been evaluated in controlled trials.""","FDA Sculptra labeling: combination use not evaluated in controlled trials. Expert consensus supports biostimulator + HA filler combinations. Evidence Type: LOW.","",""
"32","Juvederm Voluma XC","Sculptra Aesthetic","conditional","sequential","strong","conditional","PASS","PASS","PASS","PASS","PASS","PASS","PASS","PARTIAL","LOW","Sculptra stimulates collagen production; Voluma provides structural cheek contouring with immediate HA gel correction. Voluma provides the immediate structural contour that Sculptra cannot deliver right away. By establishing Sculptra first, practices may find patients need less Voluma at subsequent touch-ups. No published controlled trial data exists. FDA Sculptra label notes combination use not evaluated.","Sequential staging preferred: Sculptra series first (2-3 sessions, 4-6 weeks apart), then refine with Voluma 4-6 weeks after. Same-session in different tissue planes performed by some experienced injectors but not evaluated in controlled trials.","Tell the patient: ""Sculptra works gradually over months to support collagen production -- strengthening the foundation. Voluma adds precise cheek definition and lift right away. Your provider may suggest starting with Sculptra, then using Voluma for contouring on top. This combination has not been evaluated in controlled clinical trials.""","""Explain two layers: underlying collagen structure (Sculptra, gradual) vs specific contour/definition (Voluma, immediate). Allergan (Voluma) and Galderma (Sculptra) are different manufacturers. This combination has not been evaluated in controlled trials.""","FDA Sculptra labeling: combination use not evaluated in controlled trials. Expert consensus supports biostimulator + HA filler combinations. Evidence Type: LOW.","",""
"33","Restylane Lyft","Sculptra Aesthetic","conditional","sequential","strong","conditional","PASS","PASS","PASS","PASS","PASS","PASS","PASS","PARTIAL","LOW","Sculptra stimulates collagen production; Restylane Lyft provides immediate midface structure and is also FDA-approved for hand rejuvenation. Both are Galderma products, offering genuine ecosystem synergy. No published controlled trial data exists. FDA Sculptra label notes combination use not evaluated.","Sequential staging preferred: Sculptra series first (2-3 sessions, 4-6 weeks apart), then Lyft for structural contouring 4-6 weeks after. Same-session in different tissue planes not evaluated in controlled trials. Galderma ecosystem covers both products.","Tell the patient: ""Sculptra works gradually to support collagen production -- strengthening the foundation. Restylane Lyft adds immediate definition to your cheeks and midface, and it's also approved for hands. They're both made by Galderma. This combination has not been evaluated in controlled clinical trials.""","""Galderma ecosystem pairing -- same manufacturer, aligned training, loyalty programs. Lyft is FDA-approved for hands, and Sculptra can stimulate hand collagen. This combination has not been evaluated in controlled trials.""","FDA Sculptra labeling: combination use not evaluated in controlled trials. Both Galderma products. Expert consensus only. Evidence Type: LOW.","",""
"34","RHA Redensity","Sculptra Aesthetic","conditional","sequential","strong","conditional","PASS","PASS","PASS","PASS","PASS","PASS","PASS","PARTIAL","LOW","Sculptra stimulates deep collagen production; RHA Redensity addresses perioral fine lines with resilient HA designed for dynamic facial areas. Different depths and purposes. No published controlled trial data exists. FDA Sculptra label notes combination use not evaluated.","Sequential staging preferred: Sculptra series first (2-3 sessions, 4-6 weeks apart), then assess perioral lines 4-6 weeks after. Sculptra's collagen stimulation may partially improve perioral lines. Same-session at different planes not evaluated in controlled trials.","Tell the patient: ""The fine lines around your mouth are in one of the most active areas of your face. RHA Redensity is designed for that -- it flexes with your facial movement. Sculptra addresses the deeper collagen structure. This combination is used in clinical practice, but has not been evaluated in controlled clinical trials.""","""Perioral lines form from constant movement and collagen thinning. RHA Redensity smooths surface lines; Sculptra supports deeper collagen. RHA Redensity is Revance, Sculptra is Galderma. This combination has not been evaluated in controlled trials.""","FDA Sculptra labeling: combination use not evaluated in controlled trials. Expert consensus supports biostimulator + HA filler combinations. RHA: resilient HA for dynamic areas. Evidence Type: LOW.","",""
"35","Sculptra Aesthetic","InMode Morpheus8","conditional","stacks_with","strong","true","PASS","PASS","PASS","PASS","PASS","PASS","PASS","PARTIAL","LOW","Sculptra stimulates collagen through PLLA particles (gradual biologic response). Morpheus8 stimulates collagen through RF thermal energy (immediate wound-healing response). Two different pathways to collagen stimulation. Sculptra also provides volume restoration; Morpheus8 provides skin tightening and texture improvement. No published controlled trial data exists. FDA Sculptra label notes combination use not evaluated.","Can be same session or sequential. If sequential: Sculptra series first to build collagen foundation, then Morpheus8 for texture and tightening. Maintenance: Sculptra annually, Morpheus8 1-2x per year.","Tell the patient: ""Sculptra works beneath the surface to gradually support collagen production. Morpheus8 uses radiofrequency energy to improve skin texture and firmness from a different angle. This combination is used in clinical practice, but has not been evaluated in controlled clinical trials.""","""When a patient has both volume loss and skin quality concerns, this combination addresses both from different angles. Sculptra supports collagen production gradually; RF microneedling improves texture and firmness. This combination has not been evaluated in controlled trials.""","FDA Sculptra labeling: combination use not evaluated in controlled trials. Expert consensus supports combining biostimulators with energy-based devices. Evidence Type: LOW.","",""
"36","SKINVIVE by Juvederm","Sculptra Aesthetic","conditional","sequential","strong","conditional","PASS","PASS","PASS","PASS","PASS","PASS","PASS","PARTIAL","LOW","Sculptra stimulates deep collagen production; SKINVIVE improves skin surface quality through microdroplet HA hydration. Different depths for different purposes. SKINVIVE is NOT a volume filler -- it's a skin quality treatment. Together they represent an inside-out approach. No published controlled trial data exists. FDA Sculptra label notes combination use not evaluated.","Sequential staging preferred: complete Sculptra series first (2-3 sessions, 4-6 weeks apart), then add SKINVIVE once collagen stimulation is established. SKINVIVE serves as the last step -- adding hydration and skin quality on top of rebuilt structure.","Tell the patient: ""Sculptra and SKINVIVE work at completely different levels for different reasons. Sculptra goes deep -- gradually supporting collagen production. SKINVIVE is a surface treatment -- tiny microdroplets for hydration, smoothness, and skin quality. This combination has not been evaluated in controlled clinical trials.""","""SKINVIVE is NOT a volume filler -- it's a skin quality treatment. Sculptra supports deep collagen; SKINVIVE improves surface hydration and smoothness. Allergan (SKINVIVE) and Galderma (Sculptra) are different manufacturers. This combination has not been evaluated in controlled trials.""","FDA Sculptra labeling: combination use not evaluated in controlled trials. SKINVIVE: microdroplet HA for skin quality, not volume. Expert consensus only. Evidence Type: LOW.","",""
"37","Xeomin","Sculptra Aesthetic","conditional","complementary","strong","true","PASS","PASS","PASS","PASS","PASS","PASS","PASS","PARTIAL","LOW","Neurotoxin relaxes dynamic muscles; Sculptra stimulates collagen production. Xeomin is a purified neurotoxin (0.55ng accessory protein) which may reduce antibody formation risk over repeated treatments -- particularly relevant for long-term aging management plans. Xeomin is room-temperature stable. No published controlled trial data exists. FDA Sculptra label notes combination use not evaluated.","Can be same session or staggered. Long-term plan: Xeomin every 3-4 months, Sculptra series of 2-3 sessions 4-6 weeks apart, then annual maintenance. Xeomin's lower antibody formation risk makes it a consideration for long-term maintenance.","Tell the patient: ""Xeomin is a purified form of neurotoxin -- it contains only the active ingredient. This may matter long-term because your body is less likely to develop resistance. Sculptra works gradually over months to support collagen production. This combination is used in clinical practice, but has not been evaluated in controlled clinical trials.""","""Xeomin + Sculptra: the key differentiator is long-term planning. Xeomin's lower antibody risk is a genuine clinical consideration for extended combination therapy. Xeomin is Merz. This combination has not been evaluated in controlled trials.""","FDA Sculptra labeling: combination use not evaluated in controlled trials. Xeomin: purified formulation, 0.55ng accessory protein, room-temperature stable. Expert consensus only. Evidence Type: LOW.","",""
